{
  "test_roc_auc": {
    "mean": 0.8261587318513539,
    "std": 0.0038100820425941225,
    "values": [
      0.8227297366964617,
      0.8236888486503209,
      0.8242195814873574,
      0.8268959508206493,
      0.8332595416019806
    ]
  },
  "test_f1": {
    "mean": 0.5235931311096197,
    "std": 0.010483939102773383,
    "values": [
      0.5264133456904542,
      0.5142348754448398,
      0.5086599817684594,
      0.5338142470694319,
      0.5348432055749129
    ]
  },
  "test_precision": {
    "mean": 0.4487901362815883,
    "std": 0.009288768977263552,
    "values": [
      0.46029173419773095,
      0.4372163388804841,
      0.4400630914826498,
      0.4582043343653251,
      0.4481751824817518
    ]
  },
  "test_recall": {
    "mean": 0.6287752564210448,
    "std": 0.02093353388732254,
    "values": [
      0.6147186147186147,
      0.6241900647948164,
      0.6025917926565875,
      0.6393088552915767,
      0.6630669546436285
    ]
  }
}