{
  "test_roc_auc": {
    "mean": 0.8330876187170345,
    "std": 0.003781602408041807,
    "values": [
      0.827491830994458,
      0.8380243115373371,
      0.8309440895188306,
      0.8325788601826439,
      0.8363990013519024
    ]
  },
  "test_f1": {
    "mean": 0.5221773704989301,
    "std": 0.005387966819547848,
    "values": [
      0.5238480194017785,
      0.5276923076923077,
      0.5260586319218241,
      0.5208655332302936,
      0.5124223602484472
    ]
  },
  "test_precision": {
    "mean": 0.41112382628348626,
    "std": 0.008100336124780618,
    "values": [
      0.4180645161290323,
      0.40979689366786143,
      0.4222222222222222,
      0.4055354993983153,
      0.4
    ]
  },
  "test_recall": {
    "mean": 0.7160696754649238,
    "std": 0.016255171130620975,
    "values": [
      0.7012987012987013,
      0.7408207343412527,
      0.6976241900647948,
      0.7278617710583153,
      0.712742980561555
    ]
  }
}