{
  "test_roc_auc": {
    "mean": 0.8306882983847442,
    "std": 0.007746410959862132,
    "values": [
      0.8295064006458309,
      0.8392765155883597,
      0.8186810440933379,
      0.8389099819120104,
      0.8270675496841825
    ]
  },
  "test_f1": {
    "mean": 0.5293088944876013,
    "std": 0.01217848611289253,
    "values": [
      0.5378304466727438,
      0.5376146788990825,
      0.5066904549509367,
      0.5381882770870338,
      0.5262206148282098
    ]
  },
  "test_precision": {
    "mean": 0.4523761504001409,
    "std": 0.012675451471365552,
    "values": [
      0.4631083202511774,
      0.4650793650793651,
      0.4296520423600605,
      0.4542728635682159,
      0.44976816074188564
    ]
  },
  "test_recall": {
    "mean": 0.6379539641943734,
    "std": 0.013730176757153443,
    "values": [
      0.6413043478260869,
      0.6369565217391304,
      0.6173913043478261,
      0.6601307189542484,
      0.6339869281045751
    ]
  }
}