{
  "roc_auc": 0.9787095648466857,
  "f1": 0.7786811201445348,
  "n_train": 13608,
  "n_pos": 2298
}