{
  "roc_auc": 0.9786957447704144,
  "f1": 0.7836529844058074,
  "n_train": 13730,
  "n_pos": 2314
}