{
  "roc_auc": 0.9115773650713279,
  "f1": 0.6075436408977556,
  "n_train": 13730,
  "n_pos": 2314
}